{
  "disabled": false,
  "bindings": [
    {
      "type": "cosmosDBTrigger",
      "direction": "in",
      "name": "inputDocument",
      "databaseName": "time-tracker-db",
      "collectionName": "customer",
      "leaseCollectionName": "leases",
      "connectionStringSetting": "COSMOS_DATABASE_URI"
    },
    {
      "type": "cosmosDB",
      "direction": "out",
      "name": "$return",
      "databaseName": "time-tracker-db",
      "collectionName": "event",
      "createIfNotExists": true,
      "connectionStringSetting": "COSMOS_DATABASE_URI"
    }
  ],
  "entryPoint": "py",
  "scriptFile": "../src/handlers/handle_customer_trigger/__init__.py"
}